shank,sua,cell,odor_count,spike_snr,isolation_distance,l_ratio,good
0,0,0,10,"[0.48433529 0.64560106 1.55137887 3.51361181 4.03957742 1.72791826
 0.73298926 0.6401813 ]",61.36328125,0.005615224130451679,1
0,0,1,10,"[0.66237731 1.22238298 2.67202896 8.06164373 6.13550945 1.62702445
 1.0408521  0.63875206]",91.86753845214844,0.0024929221253842115,1
0,0,2,10,"[0.56407114 0.71459851 1.69363643 3.09207329 4.03514593 1.36473532
 0.84550474 0.67327175]",28.290771484375,0.977092981338501,1
0,0,3,10,"[0.54446882 0.82351083 2.20429245 6.3186881  3.23007886 1.47679859
 0.93530693 0.50778915]",48.03719711303711,0.03836924582719803,1
0,0,4,10,"[0.37076499 0.61880852 1.35338399 3.19841864 3.31732581 1.19349893
 0.67469544 0.63084146]",42.691341400146484,0.08526504784822464,1
0,0,5,10,"[0.37491813 0.48278491 1.17991035 5.82390916 5.21952851 1.52144741
 0.77164038 0.6284059 ]",64.41950988769531,0.002177712507545948,1
0,0,6,10,"[0.37804771 0.5879936  1.47999803 3.405892   3.96468893 1.57354737
 1.1361995  0.5683066 ]",44.33344650268555,0.05283369496464729,1
0,0,7,10,"[0.38220056 0.94243963 1.87284277 4.08315174 4.00850878 1.35490167
 0.81910822 0.7319984 ]",33.54100036621094,0.46420466899871826,1
0,0,8,10,"[0.52779853 0.80100384 1.72602494 5.52840384 3.72657853 1.54619348
 0.88862608 0.59800099]",59.308631896972656,0.0043043713085353374,1
0,0,9,10,"[0.52743939 1.26391273 1.95281924 4.15319352 3.67712832 1.96211602
 1.06720176 0.58854948]",40.19517135620117,0.10768488794565201,1
0,0,10,10,"[0.47513776 0.73509907 1.68070105 5.68302682 4.7122448  1.44069369
 0.86818003 0.55543481]",29.121417999267578,0.9555264115333557,1
0,0,11,10,"[0.35213517 0.48727788 1.84806627 8.50429419 3.95783027 0.95113515
 0.64894709 0.53566833]",39.74708557128906,0.10661232471466064,1
0,0,12,10,"[ 0.77117345  1.02389112  2.49008341 11.32839801  8.71407529  2.11444015
  1.22051393  0.89138449]",110.88213348388672,0.0006969549576751888,1
0,1,0,10,"[0.54496024 1.17859092 2.29396661 8.90917881 5.95773474 2.53589009
 1.12652866 0.71915977]",95.0069580078125,9.489296814990666e-08,1
0,1,1,10,"[0.21857881 0.42928284 0.79441132 4.49492625 3.40484419 1.04933016
 0.50472968 0.54168295]",72.13807678222656,0.015711938962340355,1
0,1,2,10,"[0.62232537 0.8305879  1.96631845 4.40601232 4.92712595 1.74559292
 1.074417   0.75240078]",29.519676208496094,0.623090922832489,1
0,1,3,10,"[0.55612183 0.63839079 1.63440142 3.95243909 4.36886005 1.33400016
 0.84484289 0.66575409]",35.23371124267578,0.30258697271347046,1
0,2,0,10,"[0.39676039 0.45163102 0.9887243  2.00567277 4.02548698 0.992963
 0.74378674 0.50230022]",27.15340805053711,1.1287554502487183,1
0,2,1,10,"[0.27625808 0.55937321 1.19379948 3.34654709 2.66603084 0.89239226
 0.59629701 0.40223597]",34.96891784667969,0.27737852931022644,1
0,2,2,10,"[0.42791911 0.79240622 1.45749696 4.72031704 3.84265073 1.27706292
 0.87484551 0.61254815]",35.467323303222656,0.2560567557811737,1
0,2,3,10,"[0.51830379 1.02844464 2.2229269  8.47493895 5.65602073 1.3194436
 0.84323531 0.59508568]",90.83013916015625,1.679172237345483e-05,1
0,2,4,10,"[0.10635717 0.24478831 0.37385655 4.96345987 5.46393294 1.18136679
 0.42488805 0.25688195]",89.75019073486328,0.03265092149376869,1
0,2,5,10,"[0.32430596 0.69048228 1.48403189 4.90891555 3.53045195 1.1624815
 0.58022263 0.52788181]",67.44086456298828,0.0006167718674987555,1
0,2,6,10,"[0.40421676 0.54015562 1.38676956 3.92958178 3.35227325 0.74708782
 0.68393475 0.40395167]",36.402069091796875,0.21527914702892303,1
0,2,7,10,"[0.43799848 0.72390094 1.54360945 5.37081186 4.67717926 1.4771891
 0.66776061 0.56262935]",48.55061340332031,0.01870991475880146,1
0,2,8,10,"[0.42740129 0.73012006 1.63047665 5.86355025 4.14660665 1.22682937
 0.85143079 0.60672334]",39.30910110473633,0.12127262353897095,1
0,2,9,10,"[0.3524585  0.47287121 1.24839409 7.97960439 3.45057478 1.33256686
 0.67947493 0.52987056]",37.6533317565918,0.14049012959003448,1
1,0,0,10,"[0.40539539 0.53870481 1.59604004 5.04150092 3.02661715 1.46449024
 1.06791597 0.52349532]",25.78713607788086,0.9695920944213867,1
1,0,1,10,"[0.55489451 0.77478346 1.8782482  3.05817541 8.33284356 1.96705255
 1.34053034 0.61985228]",50.973426818847656,0.01688440702855587,1
1,2,0,10,"[0.39143869 0.64199763 1.19803341 3.7156353  5.26974328 1.5198295
 0.62516265 0.64150359]",27.680007934570312,1.2326178550720215,1
1,2,1,10,"[0.30877305 0.42751226 1.00864688 3.00266705 3.42570829 1.24914471
 0.68115153 0.67884228]",29.98741340637207,0.8011904954910278,1
1,2,2,10,"[0.43853243 0.57425987 1.47349944 4.83382833 5.06163803 1.29659758
 0.87321176 0.8250706 ]",33.00703430175781,0.4417911171913147,1
1,2,3,10,"[0.36221475 0.51064175 1.0468331  1.62468811 4.31503134 1.15357931
 0.71880096 0.50421243]",23.863245010375977,1.2399626970291138,1
1,2,4,10,"[0.41471011 0.91902806 0.92814824 3.5394486  4.1756136  1.08873979
 0.87494453 0.5671336 ]",25.583110809326172,1.507188081741333,1
1,2,5,10,"[0.42509441 0.52478468 1.49915217 3.6586015  3.3158536  1.43365285
 0.88489223 0.6434332 ]",14.70988941192627,13.943238258361816,1
1,2,6,10,"[0.42146118 0.7608475  1.99361672 7.45396608 3.54620415 2.04619284
 0.9462181  0.78455769]",36.023529052734375,0.23405613005161285,1
1,2,7,10,"[0.42621652 0.64760699 1.60391307 6.4444206  3.76833172 1.18163449
 0.67487518 0.48318023]",42.585540771484375,0.061632152646780014,1
1,2,8,10,"[0.37626251 0.73950566 1.26920895 4.55901526 5.32046327 1.41882256
 0.68689807 0.68793796]",57.95227813720703,0.02026452124118805,1
1,2,9,10,"[0.58473942 1.31942794 2.72920763 7.31690224 4.02927975 1.72796689
 1.15825511 0.7255064 ]",32.981163024902344,0.4456287622451782,1
1,3,0,10,"[0.4009574  0.51464351 1.11796673 4.42831641 2.94026486 1.01796782
 0.73753675 0.36997596]",23.862438201904297,1.9827027320861816,1
1,3,1,10,"[0.39695879 0.9456448  1.99166004 3.16930445 1.44559131 0.57396858
 0.56982348 0.36726833]",21.94040870666504,3.051976442337036,1
1,3,2,10,"[0.34849985 0.36754304 0.95877846 1.708699   2.50883318 0.65424435
 0.54240844 0.40707546]",68.63218688964844,0.012590833939611912,1
1,3,3,10,"[0.1617341  0.32026393 0.45488401 4.11607151 1.97406634 0.54016733
 0.35359268 0.37432067]",38.29890823364258,0.1687082201242447,1
2,0,0,10,"[0.72007642 0.93949375 2.32603179 5.33782099 4.75037199 1.64603993
 1.3309381  1.01956373]",43.51381301879883,0.07043585926294327,1
2,0,1,10,"[0.30525666 0.48758313 1.17596035 5.15285762 4.86917663 1.9617025
 1.11291902 0.52503722]",126.03388977050781,0.006477649323642254,1
2,0,2,10,"[0.48778803 0.63648288 1.52642225 2.76967889 3.45332506 1.19901082
 0.9017386  0.64036991]",39.354434967041016,0.1346433311700821,1
2,1,0,10,"[0.89693816 1.42487014 3.16907483 8.3484631  5.51542405 2.47366031
 1.63415781 1.30537104]",39.42144775390625,0.228617325425148,1
2,1,1,10,"[0.1825387  0.37006034 0.62983487 2.34540323 4.28117687 1.49496564
 0.67934985 0.33383582]",34.82328796386719,0.30576422810554504,1
2,1,2,10,"[0.18659306 0.32641339 0.65398013 2.80439636 3.99628461 1.26012436
 0.65245786 0.31269646]",45.58488082885742,0.12253840267658234,1
2,1,3,10,"[0.29818891 0.42362321 1.22849767 4.20747641 3.57441661 1.01916514
 0.62957314 0.45125917]",53.08851623535156,0.04057471081614494,1
2,1,4,10,"[0.58491294 0.75374613 1.83180843 4.01741139 4.86223619 1.68743579
 0.99826019 0.67192604]",53.95576477050781,0.01294772233814001,1
2,2,0,10,"[0.4278355  0.73887634 1.59180291 5.38226867 4.01066256 1.1097981
 0.88746287 0.6697845 ]",15.635025978088379,13.273904800415039,1
2,2,1,10,"[0.30795806 0.38933154 1.02080466 2.66217269 4.70953524 1.63787135
 1.1936495  0.49964742]",103.48685455322266,0.01368002500385046,1
2,2,2,10,"[0.40335428 0.53352873 1.29253146 5.17388744 3.3356201  1.2350302
 1.01284519 0.64940523]",48.922218322753906,0.025073189288377762,1
2,3,0,10,"[0.20465785 0.30548008 0.68505792 3.25122322 2.6115356  0.97590299
 0.80391509 0.33746498]",69.72431182861328,0.004277026746422052,1
2,3,1,10,"[0.07549785 0.13277625 0.40251129 1.09906249 5.29082188 1.80388206
 0.41656918 0.28875553]",39.76706314086914,0.1561167985200882,1
3,0,0,10,"[0.34168328 0.50450578 1.20672898 4.18654586 4.16121527 1.66077684
 1.32666536 0.55358203]",41.515777587890625,0.09343381971120834,1
3,0,1,10,"[0.45084065 1.11981068 1.87754018 4.31352628 3.03305257 2.14625846
 0.78196136 0.95038368]",27.0220947265625,1.485303282737732,1
3,0,2,10,"[0.42710408 0.6542154  1.68215071 6.01624353 6.01654353 1.9439548
 1.50350518 0.62297206]",76.58303833007812,0.00045939444680698216,1
3,0,3,10,"[ 0.23994516  0.53799391  0.98479474  5.17376522 10.36591433  2.89362879
  0.94539908  0.59747545]",251.01622009277344,7.0655105030570375e-12,1
3,2,0,10,"[0.66349055 0.83998584 2.09635988 4.5197158  4.18367099 1.44429294
 1.12694026 0.93590615]",32.35724639892578,0.4280908703804016,1
3,2,1,10,"[0.32082937 0.65635683 2.1710345  6.69798031 2.29943006 1.06332498
 0.53364432 0.43036706]",39.86349868774414,0.11032044887542725,1
3,3,0,10,"[0.22724893 0.28850053 0.76783804 3.850002   3.61985892 0.77638655
 0.69321556 0.40895467]",27.668420791625977,0.7755995988845825,1
3,3,1,10,"[0.42374757 0.56678564 1.38693977 3.34370949 3.42024731 1.20000851
 0.88191621 0.6649189 ]",27.72507095336914,0.9906127452850342,1
3,3,2,10,"[0.3699154  0.49166838 1.50314158 6.56353171 3.5338133  0.97834255
 0.78596311 0.7208451 ]",28.09612274169922,0.8899718523025513,1
3,3,3,10,"[0.31468068 0.35163874 0.6670858  3.50796374 2.84707064 0.90793248
 0.60633859 0.50615477]",35.979530334472656,0.28395652770996094,1
3,3,4,10,"[0.37365201 0.75625485 1.58487828 4.99173901 3.13884478 1.02591207
 0.7848837  0.62381164]",30.109020233154297,0.7263317108154297,1
3,3,5,10,"[0.33642996 0.6527981  1.51916583 3.60191675 2.51355936 0.62823074
 0.41727887 0.50803287]",42.1842155456543,0.22261925041675568,1
3,3,6,10,"[0.40506074 0.55835326 1.20046301 3.68403946 4.09265187 1.16677966
 0.64189402 0.59385779]",27.41326332092285,0.9662584662437439,1
3,3,7,10,"[0.42857537 0.64118753 1.54881566 5.07391668 2.74075343 1.17738654
 0.60106661 0.43915476]",28.06780242919922,0.8931060433387756,1
3,3,8,10,"[0.5291093  0.8606112  2.19570207 7.31605177 4.81043855 1.31690428
 1.12664859 0.73649829]",15.893574714660645,14.963796615600586,1
3,3,9,10,"[0.36243438 0.56536622 1.1049574  3.52209792 3.6009606  1.08178389
 0.7391519  0.61190938]",44.808128356933594,0.06511472910642624,1
3,3,10,10,"[0.35076264 0.57818    1.61866813 3.96361761 3.44081758 1.02136945
 0.59006477 0.5489092 ]",47.874725341796875,0.03193740174174309,1
3,3,11,10,"[0.24599095 0.216774   0.71128953 3.8687568  2.12341652 0.45872961
 0.40747993 0.3359204 ]",25.39558219909668,2.2314555644989014,1
3,3,12,10,"[0.42673455 0.7731191  1.88137579 6.46655712 4.47683879 1.18824091
 0.65623922 0.67617001]",64.35833740234375,0.09890343993902206,1
3,3,13,10,"[0.35708575 0.67213825 1.33565301 4.56838271 4.25998164 1.31089115
 0.61794676 0.74291157]",37.60279083251953,0.16742853820323944,1
3,3,14,10,"[0.54559746 0.74709361 1.77589515 4.76125597 5.16100995 1.42773381
 1.04507912 0.71327938]",55.242393493652344,0.0215838011354208,1
3,3,15,10,"[0.3918493  0.51351235 1.42314164 3.6270541  3.37143032 1.07531966
 0.83819606 0.53915619]",27.718570709228516,0.8889232873916626,1
3,3,16,10,"[0.57760723 0.7854156  1.60782409 5.17151241 6.47483066 1.53400348
 1.25668069 1.14858357]",46.50810623168945,0.061747513711452484,1
3,3,17,10,"[0.29272704 0.46848724 1.37870284 3.71741996 2.6245823  0.87939022
 0.51494835 0.41458145]",14.31161117553711,11.009682655334473,1
3,3,18,10,"[0.28637162 0.45313862 0.951508   1.53023755 5.99507098 2.09452752
 1.08249741 0.38511206]",78.7930908203125,0.001821048790588975,1
3,3,19,10,"[0.51899742 0.73353766 1.53393624 4.02647115 4.7581543  1.4659858
 0.93175365 0.81237538]",33.547698974609375,0.443230539560318,1
3,3,20,10,"[0.42615466 0.68618587 1.70188543 5.3575608  4.87310946 1.03551618
 0.59376165 0.44767421]",23.236858367919922,3.1236443519592285,1
4,0,0,10,"[0.54597762 0.75590963 1.79896964 4.01341099 4.59478444 1.51426644
 1.18360552 1.0806891 ]",39.12385177612305,0.1289212554693222,1
4,2,0,10,"[0.45613585 0.65124758 1.51845285 4.08509628 3.6410976  1.69110742
 0.9251288  0.78788089]",45.74534606933594,0.06136630102992058,1
4,2,1,10,"[0.38578225 0.47963792 2.31661821 4.78932614 4.09067048 0.84328291
 0.51994908 0.37247269]",37.308380126953125,0.1761525422334671,1
4,2,2,10,"[0.42696744 0.57352994 1.43011915 3.76899378 3.80311946 1.43494601
 0.85357889 0.61593472]",45.285552978515625,0.0758276879787445,1
4,2,3,10,"[0.20922472 0.40516206 0.79166472 3.10691434 4.7738027  1.50821939
 0.69874502 0.34461733]",66.04621887207031,0.00408712774515152,1
4,2,4,10,"[0.33586243 0.58122072 1.34393264 5.75377725 5.89416153 1.83408616
 1.53967098 0.6652641 ]",66.18685913085938,0.0010694406228139997,1
4,2,5,10,"[0.36269874 0.58655866 1.25382152 8.53914981 8.01031237 2.41984144
 1.85707707 0.7248522 ]",121.44355773925781,3.477082145764143e-06,1
4,3,0,10,"[0.51037829 0.65293172 1.72448974 7.15705668 3.61531561 1.06857975
 0.82127167 0.58507332]",38.5364875793457,0.24204175174236298,1
4,3,1,10,"[ 0.80652477  1.56565026  3.19704075 10.07179695  7.13803299  2.21001728
  1.66290689  1.01674354]",28.964033126831055,0.7508144378662109,1
4,3,2,10,"[1.06621354 1.4584202  3.00666687 4.37490418 4.25302637 1.15575923
 0.96752337 0.58064624]",42.5650749206543,0.1058788001537323,1
4,3,3,10,"[0.40953401 0.64184587 1.41193051 4.71004647 5.70708211 1.54564778
 1.27769823 0.94561087]",70.97642517089844,0.002781237941235304,1
4,3,4,10,"[0.31812483 0.40913199 0.93195728 3.59684844 4.09359684 1.13935562
 0.77514326 0.55797341]",31.071352005004883,0.5007058382034302,1
4,3,5,10,"[0.30006244 0.3957692  0.95956464 1.35342037 4.16034131 1.41524165
 1.20188784 0.64262467]",23.218297958374023,1.5721577405929565,1
4,3,6,10,"[0.52608161 0.87709412 1.80587537 5.05130881 3.78569234 2.63941047
 1.20714557 0.98039013]",51.59528350830078,0.016393370926380157,1
4,3,7,10,"[0.49790021 0.60722722 1.54726994 7.78169907 5.48516183 1.48893428
 0.80198469 0.39638151]",37.6200065612793,0.2586226165294647,1
4,3,8,10,"[0.39350682 0.72162302 1.61544962 5.73859139 3.4190404  0.83410143
 0.71773716 0.5881253 ]",34.011863708496094,0.34379592537879944,1
4,3,9,10,"[0.26139697 0.50452448 0.98272681 5.19247198 4.87825691 1.21884318
 0.76280739 0.58771228]",39.86333465576172,0.35644862055778503,1
4,3,10,10,"[0.445232   0.81335834 1.76246765 5.95941464 4.30217664 1.28467171
 1.09325895 0.93036491]",28.268016815185547,0.7620660066604614,1
4,3,11,10,"[0.29809364 0.6002007  1.15227085 6.21835321 3.67527328 1.06890062
 0.65943881 0.44753543]",33.903953552246094,0.42057010531425476,1
4,3,12,10,"[0.49549193 0.66246278 1.66394199 6.25764433 5.10054639 1.60885734
 0.97257977 0.79413462]",63.46083450317383,0.0208116602152586,1
4,3,13,10,"[ 0.59936564  0.91099214  2.2175959   6.23033363 11.71537132  2.00685143
  1.13394763  1.20717544]",50.036930084228516,0.04064689949154854,1
4,3,14,10,"[0.37703483 0.64384132 1.20664693 4.17655114 4.53195062 1.14649819
 0.97925548 1.00099096]",51.34428405761719,0.01703358069062233,1
4,3,15,10,"[0.48245866 0.77042913 1.45550748 4.89480477 4.46821079 1.47286708
 0.96969908 0.92258177]",42.502925872802734,0.07455656677484512,1
4,3,16,10,"[ 0.5355792   0.87025094  2.5477234  10.73921713  5.68812203  1.51328761
  1.27895698  0.96885861]",74.44630432128906,0.0007787690847180784,1
4,3,17,10,"[0.44801142 0.76932863 1.69745742 5.06222514 3.94242247 1.10992252
 0.96707029 0.72761937]",34.1359977722168,0.3578917682170868,1
4,3,18,10,"[0.48824921 0.86013931 1.66840562 5.88574074 5.26101753 1.16064166
 1.0601307  0.86505345]",39.826438903808594,0.17223916947841644,1
4,3,19,10,"[0.49494123 0.68514963 2.07596012 7.61708384 4.08445964 1.3271056
 0.9159614  0.85326154]",28.921003341674805,1.1673192977905273,1
4,3,20,10,"[ 0.64675161  1.23333296  3.36913999 13.9388637   9.12794036  1.85051251
  1.21225734  1.17359617]",159.9811553955078,0.009680257178843021,1
4,3,21,10,"[ 0.63739527  1.3167475   2.500233   10.6893178   8.73938868  2.93384671
  1.48479038  1.27759088]",104.31817626953125,0.0007719360874034464,1
4,3,22,10,"[0.31999669 0.36907317 1.38237305 3.89828127 3.86435988 1.96028453
 1.718913   0.63273046]",42.62803649902344,0.15896204113960266,1
4,3,23,10,"[0.19982854 0.378541   0.65541483 4.11341895 5.10095882 1.45446767
 0.57765641 0.32817404]",48.294151306152344,0.0549338236451149,1
4,3,24,10,"[0.50351524 1.16889126 1.95868849 6.48101141 5.42861424 1.85690696
 1.28532757 0.7956153 ]",25.797828674316406,1.699217438697815,1
4,3,25,10,"[0.53902233 1.19367593 2.47737059 8.93336241 7.19259746 1.332786
 1.11425461 1.02980709]",61.741310119628906,0.005692990962415934,1
4,3,26,10,"[0.63322812 1.09956897 2.36862773 9.20987129 4.39819026 1.330227
 1.01476945 0.89756866]",57.07890701293945,0.037530891597270966,1
4,3,27,10,"[0.57407803 0.88821804 2.24404021 5.46380179 6.30996503 1.8210424
 1.39463831 1.08679276]",70.23129272460938,0.012513618916273117,1
4,3,28,10,"[ 0.44507324  0.98489951  1.95941948 10.7378856   5.74492805  1.28988142
  1.04969561  0.86854015]",117.5576171875,0.008008108474314213,1
4,3,29,10,"[0.41722329 0.76337067 1.63086377 5.16384337 4.24405823 1.12998793
 0.77057939 0.60688639]",47.470985412597656,0.05717260390520096,1
4,3,30,10,"[0.43708627 0.7159826  1.45398916 3.55248731 3.87327957 1.64647043
 0.99965707 0.87718373]",36.2805061340332,0.39114290475845337,1
4,3,31,10,"[0.35933727 0.62225672 1.44876874 3.50020702 2.58864689 1.77711834
 0.74974248 0.64569924]",21.03730583190918,2.407280921936035,1
4,3,32,10,"[0.39763797 0.55715234 1.39231714 2.59040805 6.02528633 1.53859427
 0.90528059 0.72982418]",50.050506591796875,0.042322561144828796,1
4,3,33,10,"[ 0.54041176  0.73620277  2.83605964 10.68643894  5.22722919  1.11160619
  0.70772931  0.5553664 ]",45.24753189086914,0.1092873364686966,1
4,3,34,10,"[ 0.72355395  1.03655714  2.75744396 14.07120925  8.42122883  1.97701742
  1.46666838  1.15306132]",87.33411407470703,4.022743451059796e-05,1
4,3,35,10,"[0.46435477 0.7835354  1.8245295  8.92960927 6.32945699 1.06216061
 0.98027354 0.80627519]",90.83290100097656,0.0032208175398409367,1
4,3,36,10,"[0.23892556 0.42594403 0.84328516 4.01743829 3.01147204 0.74803557
 0.49950604 0.33800472]",40.909156799316406,0.12359533458948135,1
5,0,0,10,"[0.20701638 0.3878212  1.0208723  8.43833356 4.92079675 1.67803402
 0.6148635  0.62790651]",110.0262222290039,0.00012190500274300575,1
5,0,1,10,"[0.76064173 1.12562524 3.07866719 7.07059405 4.30169946 2.12784636
 1.73821383 0.66859745]",21.82963752746582,2.4124698638916016,1
5,2,0,10,"[0.65171578 0.94493024 2.80324131 7.72067996 4.73303931 1.78357067
 1.23923315 0.7312962 ]",42.222007751464844,0.09628525376319885,1
5,2,1,10,"[ 0.85374052  1.28793647  3.12267006 11.09056646  6.35273245  1.6614054
  1.52118526  1.03902496]",80.12840270996094,4.90074344270397e-05,1
5,2,2,10,"[0.23431948 0.46226435 0.71888268 3.53756186 4.76589404 1.60218589
 0.85038057 0.43210635]",58.58207321166992,0.00788806565105915,1
5,2,3,10,"[ 0.75312914  1.19089316  2.97151094 11.37532115 10.4011736   2.33440453
  1.31045976  0.42542661]",54.796409606933594,0.0031136195175349712,1
5,2,4,10,"[0.39152333 0.92223311 1.42314677 4.30432458 2.50611685 0.99444999
 0.61611272 0.5391905 ]",52.672218322753906,0.030921686440706253,1
5,3,0,10,"[0.26797198 0.27492132 0.76939356 2.94794455 3.80574706 1.02497173
 0.75240693 0.45539514]",25.75216293334961,1.4633815288543701,1
5,3,1,10,"[0.5156771  0.78041829 1.71029826 5.88155358 7.63152953 2.17939863
 1.241975   0.8423142 ]",39.79380798339844,0.1572614312171936,1
5,3,2,10,"[0.35105535 0.51474022 1.3022221  5.65938039 5.60663581 1.75837479
 1.3736494  0.68580988]",31.80891227722168,0.4323495626449585,1
5,3,3,10,"[0.61246372 0.76311254 1.92864428 3.50264686 7.29096619 2.25514665
 1.45291527 0.83469369]",49.51192855834961,0.0328109972178936,1
5,3,4,10,"[0.33382286 0.4704073  1.15707508 2.47482583 4.1594621  1.39780468
 0.96422843 0.65563016]",27.984947204589844,0.9881204962730408,1
6,0,0,10,"[0.51279576 0.66221162 2.65879253 6.7643293  3.62257855 1.2616069
 0.79918879 0.6487666 ]",28.750919342041016,1.27542245388031,1
6,0,1,10,"[0.46955155 0.47241675 2.81367568 8.38799512 3.77488774 1.0322964
 0.86068536 0.45061871]",36.67448806762695,0.2048891931772232,1
6,1,0,10,"[0.74405049 0.90550224 5.20332558 7.37104339 2.74312428 0.86089854
 0.66315131 0.49288099]",90.58953094482422,0.0002730640408117324,1
6,2,0,10,"[0.31707204 0.57262143 1.2566966  5.43047171 4.07814144 1.42119218
 0.89782407 0.64798403]",64.0927505493164,0.010430498979985714,1
6,2,1,10,"[0.70452772 1.06995864 2.69112203 6.20207663 3.61155985 1.60459439
 1.3514817  0.75025056]",59.257659912109375,0.03444007784128189,1
6,2,2,10,"[0.37588975 0.51839844 1.19014666 2.8190014  4.10698592 2.21474507
 1.41996922 0.59852724]",62.712806701660156,0.01625303365290165,1
6,2,3,10,"[0.39668441 0.61823594 1.47812469 4.13349448 4.84091092 1.61806219
 0.84871149 0.56641267]",35.526187896728516,0.30228501558303833,1
6,2,4,10,"[0.66452528 1.0809798  2.08065094 8.46137561 8.53129896 1.93499052
 1.13980377 0.30262297]",57.841033935546875,0.003818213939666748,1
6,2,5,10,"[0.3242474  0.62978199 1.32681914 5.76054785 4.66687496 1.73883971
 0.95864935 0.63910875]",73.7151107788086,0.17894628643989563,1
6,2,6,10,"[0.2063273  0.35847464 0.58991969 2.22484955 3.39634437 1.24497663
 0.71143875 0.31323159]",53.05229187011719,0.03122827410697937,1
6,3,0,10,"[0.2049426  0.33312752 0.67685803 4.08595757 2.96520248 0.75706287
 0.67623258 0.32431284]",15.195028305053711,12.479060173034668,1
6,3,1,10,"[0.19985676 0.31269201 0.68011762 2.78852078 3.05883936 0.82762767
 0.58310728 0.40294299]",33.02914047241211,0.4186197817325592,1
6,3,2,10,"[0.25641743 0.63660047 1.55262267 7.02840111 2.27868229 1.99071432
 1.12772833 0.69100383]",33.56830978393555,0.41102534532546997,1
6,3,3,10,"[0.38472628 0.51107341 1.27472862 2.7632856  4.68631147 1.35436171
 0.78661074 0.39393298]",50.81999969482422,0.08118438720703125,1
6,3,4,10,"[0.34145612 0.58712037 1.34704886 5.97719079 3.82846398 1.09895319
 0.85562942 0.67891374]",42.900596618652344,0.07049489766359329,1
6,3,5,10,"[0.2756558  0.2737396  0.56750321 4.65406434 2.87111626 0.64706298
 0.6085507  0.40675963]",35.804744720458984,0.24464286863803864,1
6,3,6,10,"[0.29924985 0.77040554 1.0290421  4.14529183 4.21124222 1.50056331
 0.9157052  0.61817081]",29.090065002441406,0.88257896900177,1
6,3,7,10,"[0.33764003 0.40418247 0.87413973 2.71373653 4.18387211 0.95780285
 0.85260374 0.59026017]",24.63986587524414,1.2262316942214966,1
6,3,8,10,"[0.31479663 0.55442159 0.87216965 5.94344575 6.05699818 1.31548215
 0.9818692  0.57253223]",34.07345962524414,0.34006986021995544,1
6,3,9,10,"[0.37257856 0.80043832 1.3057245  5.48049966 3.23047562 1.10638208
 0.99384818 0.64512618]",26.8360652923584,1.335790753364563,1
6,3,10,10,"[0.40026232 0.44881878 1.19201262 4.34062077 5.17223025 1.31700128
 0.9011956  0.41788982]",13.338452339172363,52.82944107055664,1
7,0,0,10,"[0.2910208  0.4315007  0.9871961  4.08088097 3.36353139 1.1911235
 0.83849179 0.56563025]",28.867128372192383,0.6566926836967468,1
7,0,1,10,"[0.29493894 0.47293968 0.86799163 2.12476528 4.51582166 1.15482422
 0.73146633 0.57465096]",39.29582595825195,0.15160560607910156,1
7,0,2,10,"[0.25872721 0.47216674 0.87688554 2.80556219 3.87910511 0.999494
 0.72382164 0.58543189]",31.069679260253906,0.6012271046638489,1
7,0,3,10,"[0.34026989 0.44936163 1.11132904 2.33817471 2.95430125 1.51142617
 1.14031944 0.95563908]",25.67341423034668,1.338285207748413,1
7,0,4,10,"[0.20745729 0.35016066 0.6207862  2.95394171 4.49321045 1.41277739
 0.63527557 0.37128402]",108.58039093017578,0.0027954161632806063,1
7,1,0,10,"[0.25491654 0.4143123  0.91970832 3.67667723 3.16156052 0.98072321
 0.79042459 0.36233809]",28.318479537963867,0.7992218732833862,1
7,1,1,10,"[0.28319979 0.57715201 1.06904325 3.72497846 5.05124583 1.58875267
 1.01394354 0.4188577 ]",87.7794189453125,0.039904892444610596,1
7,1,2,10,"[0.45271965 0.6505623  1.72287137 5.97589524 3.63597299 1.24752401
 0.86300303 0.77295931]",24.31350326538086,1.7289323806762695,1
7,1,3,10,"[0.30995098 0.45561133 1.19447494 4.67324355 5.26383157 1.77130921
 0.82510469 0.37347405]",111.28234100341797,0.002283116104081273,1
7,1,4,10,"[0.31952627 0.46020094 1.23787816 4.09198829 3.63184238 1.16421866
 0.95438448 0.29231186]",23.274587631225586,1.4153534173965454,1
7,1,5,10,"[0.26106507 0.43981587 0.80529581 2.97549406 2.47702247 0.66655795
 0.53503668 0.30547889]",33.187808990478516,0.4265455901622772,1
7,2,0,10,"[0.42731959 0.55788992 1.20928465 2.50719397 3.96499026 1.04698804
 0.78006549 0.560267  ]",45.960853576660156,0.11164085566997528,1
7,2,1,10,"[0.40425879 0.81961094 1.59540535 6.92273502 5.08481336 2.0878208
 1.21102277 0.54111572]",83.96519470214844,0.000542190158739686,1
7,3,0,10,"[0.41696227 0.97639056 1.78490967 6.46464117 4.11617752 1.99474889
 1.11237876 0.90380089]",74.96782684326172,0.22072818875312805,1
7,3,1,10,"[0.47597567 0.79329711 1.64539985 4.20831848 3.42712907 1.60839602
 1.04904124 0.73270477]",47.28400802612305,0.07422497123479843,1
8,0,0,10,"[0.27020135 0.50286076 1.0716372  3.91082739 2.74985953 1.1591889
 0.70410328 0.42886035]",35.68132019042969,0.2503647804260254,1
8,0,1,10,"[0.27844517 0.42986458 1.01509646 4.64100736 4.56624401 1.40784631
 0.95257278 0.57317099]",36.693294525146484,0.22928768396377563,1
8,0,2,10,"[0.27877124 0.46048807 0.95640364 4.27851176 3.46486205 1.31772897
 0.92464721 0.51152007]",39.16551208496094,0.16685715317726135,1
8,1,0,10,"[0.433825   0.65418951 2.21874684 6.95009177 3.59261583 1.27483486
 0.75583774 0.46949327]",51.22285079956055,0.07174292951822281,1
8,1,1,10,"[0.24796813 0.25840781 1.0372294  3.86349192 1.69575794 0.91294406
 0.39939951 0.25190916]",31.94750213623047,0.5190897583961487,1
8,1,2,10,"[0.35270025 0.71718679 1.59423755 5.83966174 3.8151195  1.58816223
 1.16823902 0.571391  ]",40.18804168701172,0.10613154619932175,1
8,1,3,10,"[0.42782668 0.84191866 1.67904902 3.79951521 4.39120184 1.41908565
 1.00631751 0.54559872]",38.86719512939453,0.17721301317214966,1
8,1,4,10,"[0.34125456 0.80280289 1.5731406  4.00674764 2.96749328 1.06508556
 0.77940961 0.48760309]",39.4487419128418,0.1852029412984848,1
8,1,5,10,"[0.23296936 0.45979364 0.91517976 1.38960217 8.01384704 2.67545985
 0.87211248 0.43637574]",152.61196899414062,0.00011199011350981891,1
8,2,0,10,"[0.48202777 1.06456635 2.39844549 7.14239382 4.00106065 1.51158469
 1.14084436 0.82322896]",73.07454681396484,0.008505571633577347,1
8,2,1,10,"[0.50106237 1.01722092 2.02978515 7.43822203 4.67076879 1.77409294
 1.05732823 0.5660105 ]",21.40223503112793,6.410295009613037,1
8,2,2,10,"[0.24224076 0.51278456 0.93087306 3.77879733 2.94983079 1.07904977
 0.90519846 0.54286693]",50.72303009033203,0.044864922761917114,1
8,3,0,10,"[0.32074795 0.74397018 1.42300999 4.09788428 2.59318268 1.44521638
 0.95290441 0.71386691]",21.90988540649414,3.143219232559204,1
8,3,1,10,"[0.4577394  0.60189369 1.55948845 4.84301508 3.59509419 0.89251646
 0.91310303 0.74016318]",28.169113159179688,0.7981317639350891,1
8,3,2,10,"[0.11759831 0.24186244 0.30988549 2.59250189 3.38503828 0.95523878
 0.49890926 0.2357411 ]",23.21674156188965,1.6084656715393066,1
8,3,3,10,"[0.51801689 0.77174315 1.83807835 6.15660061 5.01132428 2.10243897
 1.2394737  0.73168104]",46.21036148071289,0.05179208889603615,1
8,3,4,10,"[0.22672174 0.35892869 0.92210247 3.24472412 5.37071712 1.58093795
 0.61374512 0.36714383]",115.78340911865234,0.0014183578314259648,1
9,0,0,10,"[0.42879207 0.51881859 1.10716821 5.43752907 4.5042478  0.9510344
 0.86751474 0.87817345]",38.370941162109375,0.14074045419692993,1
9,0,1,10,"[0.41062121 0.94214607 1.6559434  4.24722719 4.04981857 1.82693192
 1.37738637 0.63604953]",45.83993911743164,0.19017072021961212,1
9,1,0,10,"[0.36430354 0.50632771 1.02861012 7.01596099 3.19348416 0.65486758
 0.81355983 0.76127693]",29.715150833129883,0.5629094243049622,1
9,1,1,10,"[0.1412512  0.29573234 0.42177765 3.49759841 5.22642882 1.6455269
 0.56330394 0.39858213]",115.10894012451172,0.011052088811993599,1
9,1,2,10,"[0.36331803 0.82615013 1.5319072  9.77670603 8.76020629 2.81407335
 1.23034896 0.76551654]",148.3002471923828,0.0010428293608129025,1
9,1,3,10,"[0.25381612 0.43698506 0.96779749 3.47969058 3.18893057 1.44183431
 0.88136358 0.43267236]",74.84302520751953,0.01525199692696333,1
9,1,4,10,"[0.4591031  0.50664743 1.4537731  4.98613145 2.14306969 0.96613091
 0.65586751 0.45658192]",23.236509323120117,1.5921798944473267,1
9,1,5,10,"[0.46711302 0.69259934 1.62591787 4.53673672 4.08667256 0.9597543
 0.75217371 0.65649238]",49.87323760986328,0.021859686821699142,1
9,1,6,10,"[0.35730915 1.04329994 1.02664763 4.7853706  3.09094699 1.80147721
 1.11815961 0.77061504]",85.0743179321289,0.0018995832651853561,1
9,1,7,10,"[0.50591209 0.65480281 1.30669828 2.80539348 2.91811408 1.24500693
 0.71928275 0.59955516]",37.24821090698242,0.25500917434692383,1
9,2,0,10,"[0.3078129  0.5464256  0.99160022 6.32222452 6.90990862 1.97066714
 1.31838402 0.6168706 ]",114.80377960205078,6.622132787015289e-05,1
9,2,1,10,"[0.47737133 0.81366127 1.58781618 5.33973335 5.19818229 1.83774547
 1.12115231 0.75153801]",39.52927780151367,0.13001999258995056,1
9,2,2,10,"[0.56411209 0.98630656 2.18799436 7.47421231 5.26440457 1.55918489
 1.08379716 0.90931745]",50.7912712097168,0.04234964773058891,1
9,2,3,10,"[0.51372229 1.04739964 2.56335791 7.10254269 4.46197993 2.31864321
 1.24664576 0.57995013]",39.96554946899414,0.11091049760580063,1
9,2,4,10,"[0.39524297 0.58704867 1.36948575 3.6771566  4.53192171 1.34115924
 0.8962006  0.56196806]",37.56409454345703,0.21569983661174774,1
9,2,5,10,"[0.30844043 0.44401377 0.977136   3.81119846 2.65148865 0.87270505
 0.63279346 0.42217281]",20.44061279296875,4.193323612213135,1
9,2,6,10,"[0.35902276 0.65302527 1.75991479 4.72752823 3.26993648 1.48158242
 0.8232495  0.52178826]",27.00968360900879,1.4234600067138672,1
9,2,7,10,"[0.33843701 0.45506578 0.9648018  6.86252235 4.14702697 1.01081922
 0.71924237 0.68424613]",58.29189682006836,0.020779220387339592,1
9,2,8,10,"[ 0.6436348   1.18172875  2.59730027 10.18480857  9.1517314   2.40789403
  1.41395595  0.83038131]",78.00498962402344,0.0002513790095690638,1
9,2,9,10,"[0.54862362 0.69796279 1.82219978 3.45150082 5.92837239 1.36035692
 0.9751996  0.79930917]",31.863061904907227,0.4434020221233368,1
9,2,10,10,"[0.54052841 1.13113061 1.82876005 6.39259899 5.36992026 1.86764679
 1.09132271 0.84139371]",59.909339904785156,0.004891698248684406,1
9,2,11,10,"[0.41596203 0.55662714 1.45853227 4.11204651 4.41345471 1.10207527
 0.56630043 0.58759868]",44.88283920288086,0.08617740869522095,1
9,2,12,10,"[0.33132874 0.62816956 1.31289715 3.98145495 3.44159962 1.77926325
 1.23011948 0.54208703]",22.09465789794922,1.85099458694458,1
9,2,13,10,"[0.41947495 0.71627869 1.31655691 4.76057556 3.79416727 1.64455516
 0.82028377 0.80282794]",40.38199234008789,0.1019364595413208,1
9,2,14,10,"[0.44591831 0.66518809 1.45642129 4.48367711 4.23566834 1.50760505
 0.9536668  0.57640179]",38.60511016845703,0.1563514769077301,1
9,2,15,10,"[0.54598519 1.1206784  2.21775516 6.28048873 4.09475322 1.43094698
 0.98169224 0.63035362]",39.75545120239258,0.16637876629829407,1
9,2,16,10,"[0.49835134 1.05813458 2.0219956  7.28220107 5.07706748 2.0077257
 1.15255645 0.81188008]",60.223114013671875,0.005067914724349976,1
9,2,17,10,"[0.22664422 0.28785961 0.58907514 6.38038134 2.96438259 0.49239831
 0.2620304  0.25950103]",48.20812225341797,0.05290192365646362,1
9,2,18,10,"[ 0.63157539  0.96712459  2.7158689   9.7292669  10.48843849  2.3814078
  1.48256802  0.33291029]",67.07891845703125,0.006206226069480181,1
9,2,19,10,"[0.58538402 0.79818136 1.94880623 5.56987373 5.15066688 1.65979046
 1.11568924 0.58251078]",37.90581130981445,0.21730467677116394,1
9,2,20,10,"[0.69445669 0.98073534 2.54753858 7.65270387 8.29622566 1.74347585
 1.3844611  0.87183422]",75.04060363769531,0.003721555694937706,1
9,2,21,10,"[0.5075871  0.91912217 1.51255457 6.0231321  5.83895165 1.41095884
 1.12077905 0.52536076]",25.75257682800293,2.9704973697662354,1
9,2,22,10,"[0.43489256 0.81139132 1.50925607 5.20511654 4.76915939 1.15829887
 0.87907757 0.40602542]",29.222383499145508,1.2548575401306152,1
9,2,23,10,"[0.45611429 0.70110064 1.83994186 6.13260612 3.89632744 1.13246323
 0.78348431 0.65039193]",36.216827392578125,0.24882036447525024,1
9,3,0,10,"[0.33978511 0.5647104  1.70557248 5.98746243 3.21715207 1.29954106
 0.73123125 0.55179667]",30.87478256225586,0.5775393843650818,1
9,3,1,10,"[0.41943249 0.75772894 1.79822576 8.65348399 4.81514284 1.30822996
 1.01307463 0.49781392]",44.60963439941406,0.05505445972084999,1
9,3,2,10,"[0.53606763 0.81269061 2.22178006 8.54262736 4.68791962 1.24583231
 1.08565551 0.79199346]",25.614900588989258,1.1626991033554077,1
